repository_id,commit_sha,analyzed_loc,kloc,total_weighted_debt,debt_density,status,excluded,exclusion_reasons,flags,iqr_outlier,mad_outlier_score,severity_counts,category_counts,source_counts,source_file
termux/termux-app,8629e632fcb95da272221be327db653fb24befe9,23762.0,23.762,1952.59278569801,82.17291413593173,ready,False,,mixed_scan_provenance,False,2.2154183312443703,"{""high"": 11, ""low"": 28, ""medium"": 493}","{""code-design"": 506, ""documentation"": 7, ""requirement"": 1, ""test"": 18}","{""rule"": 505, ""satd"": 27}",/home/chamodh/probe/sem 5 project/CodeSage-AI/apps/api/calibration-pilot/benchmark-run/records/termux__termux-app.json
jeecgboot/JeecgBoot,87d7f938d47d2585618bcfc5a31d125801cbff27,59596.0,59.596,4670.045244670713,78.36172301279807,ready,False,,mixed_scan_provenance,False,2.0719368854073346,"{""critical"": 6, ""high"": 31, ""low"": 39, ""medium"": 1182}","{""code-design"": 1129, ""documentation"": 69, ""security"": 9, ""test"": 51}","{""rule"": 1172, ""satd"": 86}",/home/chamodh/probe/sem 5 project/CodeSage-AI/apps/api/calibration-pilot/benchmark-run/records/jeecgboot__JeecgBoot.json
zxing/zxing,33dfdefcb35576612841e614d44ba9edc9aee2b5,33820.0,33.82,2342.1210641223643,69.2525447700285,ready,False,,mixed_scan_provenance,False,1.7289999865658001,"{""high"": 593, ""low"": 2, ""medium"": 898}","{""code-design"": 674, ""documentation"": 5, ""requirement"": 9, ""test"": 805}","{""rule"": 1432, ""satd"": 61}",/home/chamodh/probe/sem 5 project/CodeSage-AI/apps/api/calibration-pilot/benchmark-run/records/zxing__zxing.json
airbnb/lottie-android,05ea92e90381eb8a8ae06855ea2b74f322bebbec,16993.0,16.993,969.7743174062393,57.06904710211496,ready,False,,mixed_scan_provenance,False,1.2703229472188342,"{""high"": 170, ""low"": 3, ""medium"": 250}","{""code-design"": 240, ""documentation"": 3, ""requirement"": 4, ""test"": 176}","{""rule"": 405, ""satd"": 18}",/home/chamodh/probe/sem 5 project/CodeSage-AI/apps/api/calibration-pilot/benchmark-run/records/airbnb__lottie-android.json
TeamNewPipe/NewPipe,7e5df38aad4b2c035332b3f71aee3064d4fdaae4,37948.0,37.948,1694.2419495661427,44.6464095490182,ready,False,,mixed_scan_provenance,False,0.8026429123844158,"{""high"": 81, ""low"": 13, ""medium"": 379}","{""code-design"": 376, ""documentation"": 9, ""requirement"": 8, ""test"": 80}","{""rule"": 418, ""satd"": 55}",/home/chamodh/probe/sem 5 project/CodeSage-AI/apps/api/calibration-pilot/benchmark-run/records/TeamNewPipe__NewPipe.json
lysine-dev/retrofit,d3a0eeba486daaef04f39cf5103a00d9efcd5419,9292.0,9.292,230.2050841929495,24.774546297131888,ready,False,,mixed_scan_provenance,False,0.05451888009706722,"{""high"": 875, ""low"": 5, ""medium"": 71}","{""code-design"": 66, ""requirement"": 3, ""test"": 882}","{""rule"": 937, ""satd"": 14}",/home/chamodh/probe/sem 5 project/CodeSage-AI/apps/api/calibration-pilot/benchmark-run/records/lysine-dev__retrofit.json
lenve/vhr,03abbd35af24e55368ce4e09f4038dc2aba3ff5f,2963.0,2.963,64.82527615547006,21.878257224255844,ready,False,,mixed_scan_provenance,False,-0.05451888009706722,"{""high"": 1, ""medium"": 20}","{""code-design"": 18, ""test"": 3}","{""rule"": 21}",/home/chamodh/probe/sem 5 project/CodeSage-AI/apps/api/calibration-pilot/benchmark-run/records/lenve__vhr.json
binarywang/WxJava,58af116149e4d89a12828cf22f10fee77a63295d,120151.0,120.151,1872.7640554823147,15.586753797157867,ready,False,,mixed_scan_provenance,False,-0.2913776413198439,"{""critical"": 11, ""high"": 2339, ""low"": 55, ""medium"": 1589}","{""code-design"": 570, ""documentation"": 64, ""security"": 13, ""test"": 3347}","{""rule"": 3874, ""satd"": 120}",/home/chamodh/probe/sem 5 project/CodeSage-AI/apps/api/calibration-pilot/benchmark-run/records/binarywang__WxJava.json
halo-dev/halo,14187e63a0fd7d3f3710a7d32c7406cf8f9c2a4c,37544.0,37.544,438.90567740850577,11.690434620938253,ready,False,,mixed_scan_provenance,False,-0.43806393722695974,"{""critical"": 2, ""high"": 11, ""low"": 11, ""medium"": 310}","{""code-design"": 120, ""documentation"": 3, ""requirement"": 17, ""security"": 6, ""test"": 188}","{""rule"": 292, ""satd"": 42}",/home/chamodh/probe/sem 5 project/CodeSage-AI/apps/api/calibration-pilot/benchmark-run/records/halo-dev__halo.json
alibaba/arthas,f9386bfbf64155ace6b81ea3257d1f6fe8d5f3d4,68822.0,68.822,658.937023885417,9.57451140457146,ready,False,,mixed_scan_provenance,False,-0.5177229500016415,"{""high"": 2, ""low"": 5, ""medium"": 183}","{""code-design"": 145, ""documentation"": 31, ""requirement"": 8, ""security"": 1, ""test"": 5}","{""rule"": 131, ""satd"": 59}",/home/chamodh/probe/sem 5 project/CodeSage-AI/apps/api/calibration-pilot/benchmark-run/records/alibaba__arthas.json
apache/dubbo,a87b134859e1b3d0871e20b9eac848abd2f0b50c,163702.0,163.702,1442.9461357092302,8.814468581380986,ready,False,,mixed_scan_provenance,False,-0.5463365880077476,"{""critical"": 2, ""high"": 19, ""low"": 18, ""medium"": 412}","{""code-design"": 410, ""documentation"": 11, ""requirement"": 9, ""security"": 6, ""test"": 15}","{""rule"": 377, ""satd"": 74}",/home/chamodh/probe/sem 5 project/CodeSage-AI/apps/api/calibration-pilot/benchmark-run/records/apache__dubbo.json
macrozheng/mall,dcaa93b3150352e5044708d7211b5bed0af4509f,100752.0,100.752,175.27623152321516,1.7396799222170793,ready,False,,mixed_scan_provenance,False,-0.8126840035563169,"{""high"": 1, ""low"": 51, ""medium"": 35}","{""code-design"": 73, ""documentation"": 6, ""test"": 8}","{""rule"": 80, ""satd"": 7}",/home/chamodh/probe/sem 5 project/CodeSage-AI/apps/api/calibration-pilot/benchmark-run/records/macrozheng__mall.json
